ref_gene	ref_id	class_code	isoquant_gene_id	isoquant_isoform_id	external_gene_name
ENSG00000000460	BambuTx71	=	ENSG00000000460.17	transcript297180.chr1.nic	FIRRM
ENSG00000003436	BambuTx133	=	ENSG00000003436.16	transcript219548.chr2.nnic	TFPI
ENSG00000005243	BambuTx655	=	ENSG00000005243.10	transcript134726.chr17.nnic	COPZ2
ENSG00000005243	BambuTx654	=	ENSG00000005243.10	transcript135060.chr17.nnic	COPZ2
ENSG00000005812	BambuTx559	=	ENSG00000005812.11	transcript58016.chr13.nnic	FBXL3
ENSG00000014919	BambuTx449	=	ENSG00000014919.13	transcript125402.chr10.nnic	COX15
ENSG00000017483	BambuTx803	=	ENSG00000017483.16	transcript34701.chrX.nnic	SLC38A5
ENSG00000018610	BambuTx809	=	ENSG00000018610.15	transcript117311.chrX.nnic	STEEP1
ENSG00000019144	BambuTx496	=	ENSG00000019144.20	transcript177764.chr11.nnic	PHLDB1
ENSG00000027075	BambuTx583	=	ENSG00000027075.17	transcript66009.chr14.nnic	PRKCH
ENSG00000034053	BambuTx597	=	ENSG00000034053.15	transcript12795.chr15.nic	APBA2
ENSG00000035115	BambuTx90	=	ENSG00000035115.22	transcript112.chr2.nic	SH3YL1
ENSG00000038002	BambuTx228	=	ENSG00000038002.9	transcript155384.chr4.nnic	AGA
ENSG00000040531	BambuTx631	=	ENSG00000040531.16	transcript16762.chr17.nic	CTNS
ENSG00000041353	BambuTx1062	=	ENSG00000041353.10	transcript44214.chr18.nnic	RAB27B
ENSG00000046653	BambuTx793	=	ENSG00000046653.15	transcript6567.chrX.nic	GPM6B
ENSG00000048028	BambuTx495	=	ENSG00000048028.12	transcript170018.chr11.nic	USP28
ENSG00000058799	BambuTx40	=	ENSG00000058799.15	transcript152136.chr1.nnic	YIPF1
ENSG00000060971	BambuTx852	=	ENSG00000060971.19	transcript44289.chr3.nic	ACAA1
ENSG00000065882	BambuTx214	=	ENSG00000065882.18	transcript36764.chr4.nnic	TBC1D1
ENSG00000065923	BambuTx802	=	ENSG00000065923.10	transcript31003.chrX.nnic	SLC9A7
ENSG00000067113	BambuTx237	=	ENSG00000067113.17	transcript37768.chr5.nnic	PLPP1
ENSG00000069998	BambuTx940	=	ENSG00000069998.12	transcript1975.chr22.nnic	HDHD5
ENSG00000070501	BambuTx352	=	ENSG00000070501.12	transcript38385.chr8.nnic	POLB
ENSG00000074582	BambuTx850	=	ENSG00000074582.15	transcript260268.chr2.nnic	BCS1L
ENSG00000075240	BambuTx787	=	ENSG00000075240.17	transcript78855.chr22.nnic	GRAMD4
ENSG00000078018	BambuTx143	=	ENSG00000078018.22	transcript250231.chr2.nic	MAP2
ENSG00000079435	BambuTx928	=	ENSG00000079435.10	transcript181364.chr19.nnic	LIPE
ENSG00000079435	BambuTx1001	=	ENSG00000079435.10	transcript181363.chr19.nnic	LIPE
ENSG00000081870	BambuTx41	=	ENSG00000081870.12	transcript152447.chr1.nnic	IFT25
ENSG00000082153	BambuTx137	=	ENSG00000082153.18	transcript231517.chr2.nnic	BZW1
ENSG00000083457	BambuTx632	=	ENSG00000083457.12	transcript20867.chr17.nnic	ITGAE
ENSG00000085274	BambuTx200	=	ENSG00000085274.16	transcript205731.chr3.nnic	MYNN
ENSG00000085449	BambuTx147	=	ENSG00000286239.1	transcript266750.chr2.nnic	WDFY1
ENSG00000086475	BambuTx428	=	ENSG00000086475.15	transcript13385.chr10.nnic	SEPHS1
ENSG00000087274	BambuTx210	=	ENSG00000087274.19	transcript9555.chr4.nic	ADD1
ENSG00000089050	BambuTx745	=	ENSG00000089050.16	transcript22289.chr20.nnic	RBBP9
ENSG00000089876	BambuTx459	=	ENSG00000089876.12	transcript161725.chr10.nnic	DHX32
ENSG00000089876	BambuTx460	=	ENSG00000089876.12	transcript161788.chr10.nnic	DHX32
ENSG00000091157	BambuTx923	=	ENSG00000091157.15	transcript45686.chr18.nnic	WDR7
ENSG00000092036	BambuTx571	=	ENSG00000092036.19	transcript8293.chr14.nic	HAUS4
ENSG00000094914	BambuTx520	=	ENSG00000094914.14	transcript79648.chr12.nnic	AAAS
ENSG00000095539	BambuTx897	=	ENSG00000095539.16	transcript127649.chr10.nnic	SEMA4G
ENSG00000100029	BambuTx943	=	ENSG00000100029.18	transcript39196.chr22.nnic	PES1
ENSG00000100060	BambuTx781	=	ENSG00000100060.18	transcript49502.chr22.nnic	MFNG
ENSG00000100209	BambuTx778	=	ENSG00000100209.11	transcript31513.chr22.nnic	HSCB
ENSG00000100266	BambuTx785	=	ENSG00000100266.19	transcript72799.chr22.nic	PACSIN2
ENSG00000100360	BambuTx780	=	ENSG00000100360.15	transcript48118.chr22.nnic	IFT27
ENSG00000100526	BambuTx579	=	ENSG00000100526.21	transcript51976.chr14.nnic	CDKN3
ENSG00000100568	BambuTx584	=	ENSG00000100568.11	transcript74135.chr14.nnic	VTI1B
ENSG00000100650	BambuTx585	=	ENSG00000100650.16	transcript79442.chr14.nic	SRSF5
ENSG00000101134	BambuTx935	=	ENSG00000101134.12	transcript84982.chr20.nnic	DOK5
ENSG00000101198	BambuTx758	=	ENSG00000101198.15	transcript92473.chr20.nic	NKAIN4
ENSG00000101265	BambuTx741	=	ENSG00000101265.16	transcript12153.chr20.nnic	RASSF2
ENSG00000101363	BambuTx751	=	ENSG00000101363.13	transcript62880.chr20.nnic	MANBAL
ENSG00000101850	BambuTx791	=	ENSG00000101850.13	transcript3740.chrX.nnic	GPR143
ENSG00000102098	BambuTx798	=	ENSG00000102098.19	transcript13021.chrX.nic	SCML2
ENSG00000102195	BambuTx1056	=	ENSG00000102195.10	transcript141443.chrX.nnic	GPR50
ENSG00000102743	BambuTx551	=	ENSG00000102743.16	transcript25646.chr13.nnic	SLC25A15
ENSG00000103121	BambuTx628	=	ENSG00000103121.9	transcript158804.chr16.nic	CMC2
ENSG00000103121	BambuTx627	=	ENSG00000103121.9	transcript159937.chr16.nnic	CMC2
ENSG00000103121	BambuTx626	=	ENSG00000103121.9	transcript158790.chr16.nic	CMC2
ENSG00000104522	BambuTx366	=	ENSG00000104522.16	transcript128454.chr8.nic	GFUS
ENSG00000104738	BambuTx353	=	ENSG00000104738.19	transcript46773.chr8.nnic	MCM4
ENSG00000104886	BambuTx685	=	ENSG00000104886.12	transcript12894.chr19.nnic	PLEKHJ1
ENSG00000105135	BambuTx698	=	ENSG00000105135.16	transcript82967.chr19.nnic	ILVBL
ENSG00000105223	BambuTx713	=	ENSG00000105223.21	transcript172290.chr19.nic	PLD3
ENSG00000105327	BambuTx719	=	ENSG00000105327.18	transcript206256.chr19.nnic	BBC3
ENSG00000106025	BambuTx882	=	ENSG00000106025.9	transcript170080.chr7.nnic	TSPAN12
ENSG00000106089	BambuTx317	=	ENSG00000106089.12	transcript85798.chr7.nic	STX1A
ENSG00000106089	BambuTx318	=	ENSG00000106089.12	transcript85793.chr7.nic	STX1A
ENSG00000107566	BambuTx450	=	ENSG00000107566.14	transcript125002.chr10.nnic	ERLIN1
ENSG00000107679	BambuTx457	=	ENSG00000107679.15	transcript155849.chr10.nnic	PLEKHA1
ENSG00000107872	BambuTx454	=	ENSG00000107872.14	transcript132751.chr10.nnic	FBXL15
ENSG00000107954	BambuTx455	=	ENSG00000107954.11	transcript140959.chr10.nnic	NEURL1
ENSG00000109534	BambuTx224	=	ENSG00000109534.17	transcript106718.chr4.nnic	GAR1
ENSG00000110375	BambuTx906	=	ENSG00000110375.3	transcript180688.chr11.nnic	UPK2
ENSG00000110871	BambuTx533	=	ENSG00000110871.15	transcript178659.chr12.nnic	COQ5
ENSG00000111144	BambuTx524	=	ENSG00000111144.10	transcript137183.chr12.nic	LTA4H
ENSG00000111186	BambuTx504	=	ENSG00000111186.13	transcript1378.chr12.nnic	WNT5B
ENSG00000111666	BambuTx527	=	ENSG00000111666.11	transcript144148.chr12.nnic	CHPT1
ENSG00000111832	BambuTx299	=	ENSG00000111832.13	transcript138625.chr6.nnic	RWDD1
ENSG00000111845	BambuTx269	=	ENSG00000111845.5	transcript8566.chr6.nnic	PAK1IP1
ENSG00000112110	BambuTx304	=	ENSG00000112110.10	transcript177281.chr6.nnic	MRPL18
ENSG00000113209	BambuTx256	=	ENSG00000113209.9	transcript140250.chr5.nnic	PCDHB5
ENSG00000113240	BambuTx266	=	ENSG00000113240.14	transcript179039.chr5.nnic	CLK4
ENSG00000113296	BambuTx246	=	ENSG00000113296.14	transcript70224.chr5.nnic	THBS4
ENSG00000113391	BambuTx249	=	novel_gene_chr5_83641	transcript83626.chr5.nnic	ARB2A
ENSG00000113845	BambuTx191	=	ENSG00000113845.10	transcript146095.chr3.nnic	TIMMDC1
ENSG00000114395	BambuTx172	=	ENSG00000272104.1	transcript82231.chr3.nnic	CYB561D2
ENSG00000114956	BambuTx112	=	ENSG00000114956.20	transcript107400.chr2.nnic	DGUOK
ENSG00000115226	BambuTx96	=	ENSG00000115226.10	transcript30861.chr2.nnic	FNDC4
ENSG00000115297	BambuTx1074	=	ENSG00000115297.11	transcript106271.chr2.nnic	TLX2
ENSG00000115363	BambuTx114	=	ENSG00000115363.14	transcript109868.chr2.nnic	EVA1A
ENSG00000115902	BambuTx107	=	ENSG00000115902.11	transcript88422.chr2.nic	SLC1A4
ENSG00000116035	BambuTx109	=	ENSG00000116035.4	transcript100537.chr2.nnic	VAX2
ENSG00000116199	BambuTx74	=	ENSG00000116199.12	transcript307024.chr1.nnic	FAM20B
ENSG00000118298	BambuTx59	=	ENSG00000118298.12	transcript244847.chr1.nnic	CA14
ENSG00000118564	BambuTx213	=	ENSG00000118564.15	transcript25001.chr4.nnic	FBXL5
ENSG00000118564	BambuTx212	=	ENSG00000118564.15	transcript24999.chr4.nnic	FBXL5
ENSG00000118733	BambuTx46	=	novel_gene_chr1_200398	transcript200392.chr1.nnic	OLFM3
ENSG00000119328	BambuTx401	=	ENSG00000119328.12	transcript93256.chr9.nnic	ABITRAM
ENSG00000119421	BambuTx405	=	ENSG00000119421.7	transcript106500.chr9.nnic	NDUFA8
ENSG00000120686	BambuTx550	=	ENSG00000120686.12	transcript24334.chr13.nnic	UFM1
ENSG00000120690	BambuTx552	=	ENSG00000120690.16	transcript25615.chr13.nnic	ELF1
ENSG00000121281	BambuTx619	=	ENSG00000121281.13	transcript107528.chr16.nnic	ADCY7
ENSG00000121905	BambuTx31	=	ENSG00000121905.10	transcript96631.chr1.nnic	HPCA
ENSG00000122033	BambuTx546	=	ENSG00000122033.15	transcript11608.chr13.nic	MTIF3
ENSG00000122335	BambuTx303	=	ENSG00000122335.17	transcript173820.chr6.nnic	SERAC1
ENSG00000123358	BambuTx518	=	ENSG00000123358.20	transcript77635.chr12.nnic	NR4A1
ENSG00000123684	BambuTx80	=	ENSG00000123684.13	transcript341227.chr1.nnic	LPGAT1
ENSG00000124191	BambuTx752	=	ENSG00000124191.18	transcript68309.chr20.nnic	TOX2
ENSG00000124279	BambuTx234	=	ENSG00000124279.12	transcript4874.chr5.nnic	FASTKD3
ENSG00000124370	BambuTx110	=	ENSG00000124370.11	transcript101852.chr2.nnic	MCEE
ENSG00000124493	BambuTx976	=	ENSG00000124493.14	transcript49401.chr6.nnic	GRM4
ENSG00000125611	BambuTx120	=	ENSG00000125611.16	transcript143953.chr2.nnic	CHCHD5
ENSG00000125648	BambuTx690	=	ENSG00000125648.15	transcript34768.chr19.nnic	SLC25A23
ENSG00000125772	BambuTx932	=	ENSG00000125772.14	transcript14343.chr20.nnic	GPCPD1
ENSG00000125848	BambuTx743	=	ENSG00000125848.10	transcript19830.chr20.nnic	FLRT3
ENSG00000126261	BambuTx705	=	ENSG00000126261.13	transcript143061.chr19.nnic	UBA2
ENSG00000127472	BambuTx22	=	ENSG00000127472.11	transcript53572.chr1.nnic	PLA2G5
ENSG00000127483	BambuTx23	=	ENSG00000127483.19	transcript54589.chr1.nnic	HP1BP3
ENSG00000127952	BambuTx321	=	ENSG00000127952.17	transcript87099.chr7.nnic	STYXL1
ENSG00000128607	BambuTx334	=	ENSG00000128607.14	transcript180092.chr7.nnic	KLHDC10
ENSG00000129353	BambuTx693	=	ENSG00000129353.15	transcript52709.chr19.nic	SLC44A2
ENSG00000129353	BambuTx694	=	ENSG00000129353.15	transcript52626.chr19.nnic	SLC44A2
ENSG00000129911	BambuTx684	=	ENSG00000129911.9	transcript14472.chr19.nnic	KLF16
ENSG00000130176	BambuTx926	=	ENSG00000130176.8	transcript57483.chr19.nnic	CNN1
ENSG00000130349	BambuTx297	=	ENSG00000130349.10	transcript125218.chr6.nnic	MTRES1
ENSG00000130772	BambuTx27	=	ENSG00000130772.14	transcript78094.chr1.nnic	MED18
ENSG00000131788	BambuTx54	=	ENSG00000131788.16	transcript236772.chr1.nnic	PIAS3
ENSG00000131831	BambuTx797	=	ENSG00000131831.18	transcript14636.chrX.nnic	RAI2
ENSG00000132589	BambuTx643	=	ENSG00000132589.16	transcript62649.chr17.nnic	FLOT2
ENSG00000134020	BambuTx346	=	ENSG00000245025.3	transcript18731.chr8.nnic	PEBP4
ENSG00000134253	BambuTx831	=	ENSG00000134253.10	transcript219793.chr1.nnic	TRIM45
ENSG00000134758	BambuTx676	=	ENSG00000134758.14	transcript26638.chr18.nnic	RNF138
ENSG00000135314	BambuTx291	=	ENSG00000135314.14	transcript93638.chr6.nnic	KHDC1
ENSG00000135447	BambuTx521	=	ENSG00000135447.17	transcript86517.chr12.nnic	PPP1R1A
ENSG00000135845	BambuTx72	=	ENSG00000135845.10	transcript299617.chr1.nnic	PIGC
ENSG00000135972	BambuTx119	=	ENSG00000135972.9	transcript138185.chr2.nnic	MRPS9
ENSG00000136371	BambuTx610	=	ENSG00000259332.3	transcript115721.chr15.nnic	MTHFS
ENSG00000136450	BambuTx659	=	ENSG00000266086.3	transcript151515.chr17.nic	SRSF1
ENSG00000137076	BambuTx380	=	novel_gene_chr9_36063	transcript36062.chr9.nnic	TLN1
ENSG00000137193	BambuTx873	=	ENSG00000137193.14	transcript59463.chr6.nic	PIM1
ENSG00000137216	BambuTx286	=	ENSG00000137216.19	transcript75411.chr6.nnic	TMEM63B
ENSG00000137216	BambuTx285	=	ENSG00000137216.19	transcript75402.chr6.nnic	TMEM63B
ENSG00000137434	BambuTx268	=	ENSG00000137434.12	transcript9656.chr6.nic	C6orf52
ENSG00000137824	BambuTx600	=	ENSG00000137824.16	transcript23807.chr15.nnic	RMDN3
ENSG00000137962	BambuTx830	=	ENSG00000137962.13	transcript193827.chr1.nnic	ARHGAP29
ENSG00000138074	BambuTx95	=	ENSG00000138074.15	transcript28487.chr2.nnic	SLC5A6
ENSG00000138604	BambuTx605	=	ENSG00000138604.10	transcript90458.chr15.nnic	GLCE
ENSG00000138741	BambuTx1078	=	ENSG00000138741.11	transcript115885.chr4.nnic	TRPC3
ENSG00000138944	BambuTx946	=	ENSG00000138944.8	transcript77226.chr22.nnic	SHISAL1
ENSG00000139209	BambuTx514	=	ENSG00000139209.16	transcript58799.chr12.nnic	SLC38A4
ENSG00000139508	BambuTx990	=	ENSG00000139508.15	transcript14046.chr13.nnic	SLC46A3
ENSG00000139613	BambuTx522	=	ENSG00000139613.12	transcript90842.chr12.nic	SMARCC2
ENSG00000139793	BambuTx563	=	ENSG00000139793.21	transcript64536.chr13.nnic	MBNL2
ENSG00000141127	BambuTx641	=	ENSG00000141127.15	transcript50455.chr17.nic	PRPSAP2
ENSG00000141179	BambuTx658	=	ENSG00000141179.14	transcript147376.chr17.nnic	PCTP
ENSG00000141759	BambuTx681	=	ENSG00000141759.15	transcript59394.chr18.nnic	TXNL4A
ENSG00000141905	BambuTx687	=	ENSG00000141905.19	transcript18476.chr19.nic	NFIC
ENSG00000142538	BambuTx721	=	ENSG00000142538.2	transcript216829.chr19.nnic	PTH2
ENSG00000143067	BambuTx50	=	ENSG00000143067.5	transcript221398.chr1.nnic	ZNF697
ENSG00000143157	BambuTx70	=	ENSG00000143157.12	transcript293286.chr1.nnic	POGK
ENSG00000143167	BambuTx835	=	ENSG00000143167.12	transcript293255.chr1.nnic	GPA33
ENSG00000143390	BambuTx61	=	ENSG00000143390.18	transcript244792.chr1.nnic	RFX5
ENSG00000144560	BambuTx159	=	ENSG00000144560.16	transcript12174.chr3.nnic	VGLL4
ENSG00000144724	BambuTx178	=	ENSG00000144724.20	transcript102332.chr3.nnic	PTPRG
ENSG00000144840	BambuTx192	=	ENSG00000144840.10	transcript149432.chr3.nnic	RABL3
ENSG00000145331	BambuTx221	=	ENSG00000145331.14	transcript99101.chr4.nnic	TRMT10A
ENSG00000145428	BambuTx226	=	ENSG00000145428.15	transcript139011.chr4.nnic	RNF175
ENSG00000145908	BambuTx971	=	ENSG00000145908.14	transcript152556.chr5.nnic	ZNF300
ENSG00000146166	BambuTx287	=	ENSG00000146166.17	transcript86597.chr6.nnic	LGSN
ENSG00000147119	BambuTx948	=	ENSG00000147119.4	transcript32532.chrX.nnic	CHST7
ENSG00000147274	BambuTx810	=	ENSG00000147274.14	transcript133428.chrX.nnic	RBMX
ENSG00000147509	BambuTx354	=	ENSG00000147509.14	transcript53954.chr8.nnic	RGS20
ENSG00000148187	BambuTx406	=	ENSG00000148187.18	transcript106602.chr9.nnic	MRRF
ENSG00000148362	BambuTx421	=	ENSG00000148362.11	transcript147206.chr9.nic	NA
ENSG00000148468	BambuTx429	=	ENSG00000148468.17	transcript15876.chr10.nnic	FAM171A1
ENSG00000149084	BambuTx472	=	ENSG00000149084.13	transcript55182.chr11.nnic	HSD17B12
ENSG00000149657	BambuTx757	=	ENSG00000149657.20	transcript89227.chr20.nnic	LSM14B
ENSG00000149809	BambuTx480	=	ENSG00000149809.17	transcript95949.chr11.nnic	TM7SF2
ENSG00000150456	BambuTx542	=	ENSG00000150456.11	transcript5600.chr13.nnic	EEF1AKMT1
ENSG00000150977	BambuTx536	=	ENSG00000150977.11	transcript196541.chr12.nnic	RILPL2
ENSG00000151466	BambuTx863	=	ENSG00000151466.12	transcript121533.chr4.nnic	SCLT1
ENSG00000152422	BambuTx247	=	ENSG00000152422.16	transcript75953.chr5.nnic	XRCC4
ENSG00000152760	BambuTx43	=	ENSG00000152760.10	transcript164223.chr1.nnic	DYNLT5
ENSG00000152926	BambuTx315	=	ENSG00000152926.16	transcript71934.chr7.nnic	ZNF117
ENSG00000154079	BambuTx875	=	ENSG00000154079.6	transcript92224.chr6.nnic	SDHAF4
ENSG00000154079	BambuTx289	=	ENSG00000154079.6	transcript92222.chr6.nnic	SDHAF4
ENSG00000154479	BambuTx131	=	ENSG00000154479.13	transcript196595.chr2.nnic	CFAP210
ENSG00000155093	BambuTx341	=	ENSG00000155093.20	transcript218353.chr7.nnic	PTPRN2
ENSG00000155893	BambuTx198	=	ENSG00000155893.13	transcript182575.chr3.nnic	PXYLP1
ENSG00000156671	BambuTx440	=	ENSG00000156671.15	transcript90561.chr10.nic	SAMD8
ENSG00000156959	BambuTx156	=	ENSG00000156959.9	transcript7256.chr3.nnic	LHFPL4
ENSG00000157654	BambuTx890	=	ENSG00000157654.19	transcript94508.chr9.nnic	PALM2AKAP2
ENSG00000158186	BambuTx195	=	ENSG00000158186.13	transcript179262.chr3.nnic	MRAS
ENSG00000158773	BambuTx67	=	ENSG00000158773.14	transcript287596.chr1.nic	USF1
ENSG00000158985	BambuTx252	=	ENSG00000158985.14	transcript111771.chr5.nnic	CDC42SE2
ENSG00000159267	BambuTx765	=	ENSG00000159267.17	transcript87091.chr21.nic	HLCS
ENSG00000160094	BambuTx32	=	ENSG00000160094.15	transcript99445.chr1.nnic	ZNF362
ENSG00000160190	BambuTx767	=	ENSG00000160190.14	transcript91202.chr21.nnic	SLC37A1
ENSG00000160194	BambuTx769	=	ENSG00000160194.18	transcript93864.chr21.nnic	NDUFV3
ENSG00000160194	BambuTx768	=	ENSG00000160194.18	transcript93866.chr21.nnic	NDUFV3
ENSG00000160271	BambuTx415	=	ENSG00000160271.16	transcript138584.chr9.nic	RALGDS
ENSG00000160445	BambuTx411	=	ENSG00000160445.11	transcript118029.chr9.nnic	ZER1
ENSG00000160813	BambuTx327	=	ENSG00000160813.7	transcript142414.chr7.nnic	PPP1R35
ENSG00000160959	BambuTx370	=	ENSG00000160959.8	transcript133110.chr8.nnic	LRRC14
ENSG00000161011	BambuTx267	=	ENSG00000161011.20	transcript181973.chr5.nnic	SQSTM1
ENSG00000161298	BambuTx710	=	ENSG00000161298.19	transcript155138.chr19.nnic	ZNF382
ENSG00000163492	BambuTx848	=	ENSG00000163492.16	transcript210352.chr2.nnic	CCDC141
ENSG00000163602	BambuTx181	=	ENSG00000163602.12	transcript112053.chr3.nnic	RYBP
ENSG00000163666	BambuTx177	=	ENSG00000163666.10	transcript96942.chr3.nnic	HESX1
ENSG00000163697	BambuTx215	=	ENSG00000163697.18	transcript45975.chr4.nnic	APBB2
ENSG00000163879	BambuTx34	=	ENSG00000163879.11	transcript111695.chr1.nnic	DNALI1
ENSG00000163909	BambuTx35	=	ENSG00000163909.8	transcript119680.chr1.nnic	HEYL
ENSG00000164045	BambuTx853	=	ENSG00000164045.12	transcript56403.chr3.nnic	CDC25A
ENSG00000164056	BambuTx862	=	ENSG00000164056.11	transcript117243.chr4.nic	SPRY1
ENSG00000164287	BambuTx236	=	ENSG00000164287.13	transcript38496.chr5.nnic	CDC20B
ENSG00000164845	BambuTx506	=	ENSG00000290940.1	transcript18940.chr12.nnic	FAM86FP
ENSG00000165115	BambuTx395	=	novel_gene_chr9_64947	transcript64946.chr9.nnic	KIF27
ENSG00000165501	BambuTx577	=	ENSG00000165501.17	transcript41904.chr14.nnic	LRR1
ENSG00000165698	BambuTx414	=	ENSG00000165698.16	transcript137182.chr9.nic	SPACA9
ENSG00000165752	BambuTx987	=	ENSG00000165752.17	transcript165617.chr10.nnic	STK32C
ENSG00000165795	BambuTx566	=	ENSG00000165795.25	transcript2252.chr14.nic	NDRG2
ENSG00000166002	BambuTx488	=	ENSG00000166002.7	transcript152559.chr11.nnic	SMCO4
ENSG00000166188	BambuTx621	=	ENSG00000166188.3	transcript120870.chr16.nnic	ZNF319
ENSG00000166833	BambuTx469	=	novel_gene_chr11_38462	transcript38455.chr11.nnic	NAV2
ENSG00000166971	BambuTx620	=	ENSG00000166971.17	transcript111502.chr16.nnic	AKTIP
ENSG00000167178	BambuTx607	=	ENSG00000167178.17	transcript102293.chr15.nnic	ISLR2
ENSG00000167315	BambuTx679	=	ENSG00000167315.18	transcript40884.chr18.nnic	ACAA2
ENSG00000168395	BambuTx152	=	ENSG00000168395.16	transcript290854.chr2.nnic	ING5
ENSG00000168582	BambuTx142	=	ENSG00000168582.5	transcript249905.chr2.nnic	CRYGA
ENSG00000168772	BambuTx223	=	ENSG00000168772.12	transcript103153.chr4.nnic	CXXC4
ENSG00000168795	BambuTx381	=	ENSG00000168795.5	transcript43259.chr9.nnic	ZBTB5
ENSG00000168876	BambuTx491	=	ENSG00000168876.9	transcript153333.chr11.nnic	ANKRD49
ENSG00000169599	BambuTx108	=	ENSG00000169599.13	transcript94494.chr2.nic	NFU1
ENSG00000169826	BambuTx892	=	ENSG00000169826.8	transcript55008.chr10.nnic	CSGALNACT2
ENSG00000169919	BambuTx316	=	ENSG00000169919.17	transcript66120.chr7.nnic	GUSB
ENSG00000169964	BambuTx168	=	ENSG00000169964.8	transcript53763.chr3.nnic	TMEM42
ENSG00000169964	BambuTx167	=	ENSG00000169964.8	transcript52849.chr3.nnic	TMEM42
ENSG00000170340	BambuTx841	=	novel_gene_chr2_85944	transcript85943.chr2.nnic	B3GNT2
ENSG00000170364	BambuTx155	=	ENSG00000170364.13	transcript2796.chr3.nnic	SETMAR
ENSG00000170802	BambuTx102	=	ENSG00000170802.17	transcript64680.chr2.nnic	FOXN2
ENSG00000171044	BambuTx343	=	ENSG00000171044.11	transcript6439.chr8.nnic	XKR6
ENSG00000171067	BambuTx484	=	ENSG00000171067.11	transcript118529.chr11.nic	C11orf24
ENSG00000171169	BambuTx410	=	ENSG00000171169.9	transcript126308.chr9.nnic	NAIF1
ENSG00000171603	BambuTx16	=	ENSG00000171603.18	transcript24855.chr1.nnic	CLSTN1
ENSG00000171992	BambuTx257	=	ENSG00000171992.13	transcript152930.chr5.nnic	SYNPO
ENSG00000172086	BambuTx115	=	ENSG00000172086.9	transcript119200.chr2.nnic	KRCC1
ENSG00000172216	BambuTx754	=	ENSG00000172216.6	transcript81058.chr20.nnic	CEBPB
ENSG00000172731	BambuTx894	=	ENSG00000172731.15	transcript84739.chr10.nnic	LRRC20
ENSG00000172733	BambuTx348	=	ENSG00000172733.12	transcript28787.chr8.nic	PURG
ENSG00000173530	BambuTx347	=	ENSG00000173530.6	transcript17402.chr8.nnic	TNFRSF10D
ENSG00000173626	BambuTx1065	=	ENSG00000173626.10	transcript138904.chr6.nnic	TRAPPC3L
ENSG00000174371	BambuTx85	=	ENSG00000174371.17	transcript375580.chr1.nic	EXO1
ENSG00000174749	BambuTx1107	=	ENSG00000174749.6	transcript109678.chr4.nnic	FAM241A
ENSG00000175785	BambuTx914	=	ENSG00000175785.13	transcript112086.chr14.nnic	PRIMA1
ENSG00000176222	BambuTx714	=	ENSG00000176222.10	transcript186425.chr19.nnic	ZNF404
ENSG00000176894	BambuTx539	=	ENSG00000256632.3	transcript204077.chr12.nic	PXMP2
ENSG00000177830	BambuTx466	=	ENSG00000177830.18	transcript5040.chr11.nic	CHID1
ENSG00000178163	BambuTx211	=	ENSG00000178163.8	transcript22439.chr4.nnic	ZNF518B
ENSG00000178631	BambuTx196	=	ENSG00000248932.8	transcript181672.chr3.nnic	ACTG1P1
ENSG00000178913	BambuTx1023	=	ENSG00000178913.9	transcript140355.chr5.nnic	TAF7
ENSG00000180354	BambuTx308	=	ENSG00000180354.16	transcript35325.chr7.nic	MTURN
ENSG00000180628	BambuTx444	=	ENSG00000180628.15	transcript112433.chr10.nnic	PCGF5
ENSG00000181264	BambuTx499	=	ENSG00000181264.9	transcript183708.chr11.nic	TLCD5
ENSG00000181458	BambuTx187	=	ENSG00000181458.10	transcript128880.chr3.nnic	TMEM45A
ENSG00000181965	BambuTx254	=	ENSG00000181965.6	transcript124305.chr5.nnic	NEUROG1
ENSG00000183077	BambuTx669	=	ENSG00000183077.16	transcript204146.chr17.nic	AFMID
ENSG00000183474	BambuTx239	=	ENSG00000183474.16	transcript52052.chr5.nic	GTF2H2C
ENSG00000183853	BambuTx64	=	ENSG00000183853.18	transcript282532.chr1.nnic	KIRREL1
ENSG00000183891	BambuTx92	=	ENSG00000183891.6	transcript14167.chr2.nnic	TTC32
ENSG00000184517	BambuTx623	=	ENSG00000184517.12	transcript149598.chr16.nnic	ZFP1
ENSG00000184831	BambuTx799	=	ENSG00000184831.14	transcript17841.chrX.nnic	APOO
ENSG00000185985	BambuTx814	=	ENSG00000185985.11	transcript138041.chrX.nnic	SLITRK2
ENSG00000185985	BambuTx812	=	ENSG00000185985.11	transcript138026.chrX.nnic	SLITRK2
ENSG00000186364	BambuTx833	=	ENSG00000186364.12	transcript237154.chr1.nic	NUDT17
ENSG00000186480	BambuTx340	=	ENSG00000186480.13	transcript215703.chr7.nic	INSIG1
ENSG00000187147	BambuTx39	=	ENSG00000187147.19	transcript129853.chr1.nnic	RNF220
ENSG00000187147	BambuTx38	=	ENSG00000187147.19	transcript129855.chr1.nnic	RNF220
ENSG00000187189	BambuTx298	=	ENSG00000187189.11	transcript138420.chr6.nnic	TSPYL4
ENSG00000187189	BambuTx1025	=	ENSG00000187189.11	transcript138422.chr6.nnic	TSPYL4
ENSG00000187556	BambuTx697	=	ENSG00000187556.8	transcript82551.chr19.nnic	NANOS3
ENSG00000187581	BambuTx588	=	ENSG00000133958.14	transcript111555.chr14.nnic	COX8C
ENSG00000187595	BambuTx651	=	ENSG00000187595.18	transcript106214.chr17.nnic	ZNF385C
ENSG00000187630	BambuTx572	=	ENSG00000187630.18	transcript16375.chr14.nnic	DHRS4L2
ENSG00000187713	BambuTx422	=	ENSG00000176058.13	transcript147920.chr9.nnic	TMEM203
ENSG00000187792	BambuTx776	=	ENSG00000187792.5	transcript21085.chr22.nnic	ZNF70
ENSG00000188051	BambuTx699	=	ENSG00000188051.7	transcript94332.chr19.nnic	TMEM221
ENSG00000188167	BambuTx162	=	ENSG00000188167.9	transcript41131.chr3.nnic	TMPPE
ENSG00000188295	BambuTx87	=	ENSG00000188295.15	transcript383260.chr1.nnic	ZNF669
ENSG00000189046	BambuTx528	=	ENSG00000189046.11	transcript158398.chr12.nic	ALKBH2
ENSG00000189046	BambuTx529	=	ENSG00000189046.11	transcript158395.chr12.nic	ALKBH2
ENSG00000189283	BambuTx1076	=	ENSG00000189283.11	transcript103470.chr3.nnic	FHIT
ENSG00000196072	BambuTx451	=	ENSG00000196072.12	transcript126000.chr10.nnic	BLOC1S2
ENSG00000196126	BambuTx975	=	ENSG00000196126.12	transcript45427.chr6.nnic	HLA-DRB1
ENSG00000196204	BambuTx306	=	ENSG00000196204.12	transcript7996.chr7.nic	RNF216P1
ENSG00000196260	BambuTx973	=	ENSG00000196260.5	transcript38754.chr6.nnic	SFTA2
ENSG00000196290	BambuTx140	=	ENSG00000196290.17	transcript231830.chr2.nnic	NIF3L1
ENSG00000196290	BambuTx139	=	ENSG00000196290.17	transcript231826.chr2.nnic	NIF3L1
ENSG00000196453	BambuTx884	=	ENSG00000196453.8	transcript206898.chr7.nnic	ZNF777
ENSG00000196476	BambuTx738	=	ENSG00000196476.12	transcript274.chr20.nic	C20orf96
ENSG00000196476	BambuTx737	=	ENSG00000196476.12	transcript304.chr20.nic	C20orf96
ENSG00000196576	BambuTx788	=	ENSG00000196576.16	transcript81724.chr22.nnic	PLXNB2
ENSG00000196812	BambuTx275	=	ENSG00000196812.6	transcript30133.chr6.nnic	ZSCAN16
ENSG00000196937	BambuTx1030	=	ENSG00000196937.11	transcript170152.chr7.nnic	FAM3C
ENSG00000197566	BambuTx639	=	ENSG00000197566.10	transcript44817.chr17.nnic	ZNF624
ENSG00000197903	BambuTx273	=	novel_gene_chr6_28866	transcript28865.chr6.nnic	H2BC12
ENSG00000198121	BambuTx402	=	ENSG00000198121.15	transcript95240.chr9.nnic	LPAR1
ENSG00000198331	BambuTx501	=	ENSG00000198331.11	transcript191346.chr11.nnic	HYLS1
ENSG00000198502	BambuTx974	=	ENSG00000198502.6	transcript45416.chr6.nnic	HLA-DRB5
ENSG00000198642	BambuTx375	=	ENSG00000198642.7	transcript19760.chr9.nnic	KLHL9
ENSG00000198722	BambuTx379	=	ENSG00000198722.15	transcript32141.chr9.nnic	UNC13B
ENSG00000198804	BambuTx819	=	ENSG00000198804.2	transcript3959.chrM.nnic	MT-CO1
ENSG00000198959	BambuTx1049	=	ENSG00000198959.12	transcript64225.chr20.nnic	TGM2
ENSG00000203644	BambuTx193	=	ENSG00000172765.19	transcript166686.chr3.nnic	
ENSG00000204147	BambuTx986	=	ENSG00000204147.11	transcript62516.chr10.nnic	ASAH2B
ENSG00000204580	BambuTx277	=	ENSG00000204580.14	transcript37351.chr6.nnic	DDR1
ENSG00000204580	BambuTx276	=	ENSG00000204580.14	transcript37252.chr6.nnic	DDR1
ENSG00000207277	BambuTx1090	=	novel_gene_chr9_48099	transcript48094.chr9.nnic	RNA5SP284
ENSG00000210082	BambuTx817	=	ENSG00000210082.2	transcript1655.chrM.nnic	MT-RNR2
ENSG00000210082	BambuTx818	=	ENSG00000210082.2	transcript1230.chrM.nnic	MT-RNR2
ENSG00000212864	BambuTx423	=	ENSG00000212864.4	transcript148745.chr9.nnic	RNF208
ENSG00000213790	BambuTx945	=	ENSG00000213790.2	transcript72405.chr22.nnic	OLA1P1
ENSG00000215126	BambuTx387	=	ENSG00000215126.12	transcript44342.chr9.nnic	ZNG1F
ENSG00000215237	BambuTx373	=	ENSG00000215237.6	transcript12731.chr9.nnic	
ENSG00000215375	BambuTx207	=	ENSG00000215375.7	transcript442.chr4.nnic	MYL5
ENSG00000215845	BambuTx66	=	ENSG00000215845.11	transcript288735.chr1.nnic	TSTD1
ENSG00000215861	BambuTx56	=	ENSG00000215861.9	transcript242707.chr1.nnic	
ENSG00000217330	BambuTx1026	=	ENSG00000286339.1	transcript140710.chr6.nnic	SSXP10
ENSG00000217330	BambuTx300	=	ENSG00000286339.1	transcript141015.chr6.nnic	SSXP10
ENSG00000218891	BambuTx727	=	ENSG00000218891.5	transcript244985.chr19.nnic	ZNF579
ENSG00000221968	BambuTx476	=	ENSG00000221968.9	transcript82454.chr11.nic	FADS3
ENSG00000221986	BambuTx47	=	ENSG00000221986.7	transcript205957.chr1.nnic	MYBPHL
ENSG00000221986	BambuTx48	=	ENSG00000221986.7	transcript205289.chr1.nnic	MYBPHL
ENSG00000223343	BambuTx170	=	ENSG00000223343.1	transcript76126.chr3.nnic	
ENSG00000223508	BambuTx342	=	ENSG00000223508.5	transcript776.chr8.nnic	RPL23AP53
ENSG00000223865	BambuTx279	=	ENSG00000223865.11	transcript45969.chr6.nnic	HLA-DPB1
ENSG00000224765	BambuTx955	=	novel_gene_chrX_135470	transcript135463.chrX.nnic	LINC02931
ENSG00000225177	BambuTx302	=	ENSG00000225177.6	transcript156169.chr6.nnic	NHSL1-AS1
ENSG00000225177	BambuTx301	=	ENSG00000225177.6	transcript155375.chr6.nic	NHSL1-AS1
ENSG00000225706	BambuTx372	=	ENSG00000225706.3	transcript10524.chr9.nnic	PTPRD-AS1
ENSG00000226886	BambuTx126	=	novel_gene_chr2_163992	transcript163991.chr2.nnic	
ENSG00000226886	BambuTx125	=	novel_gene_chr2_163992	transcript163928.chr2.nnic	
ENSG00000227121	BambuTx1094	=	novel_gene_chr10_64661	transcript64656.chr10.nnic	LINC02672
ENSG00000227671	BambuTx89	=	ENSG00000290683.1	transcript383350.chr1.nnic	ZNF731P
ENSG00000228794	BambuTx1	=	ENSG00000228794.12	transcript1106.chr1.nnic	LINC01128
ENSG00000229109	BambuTx394	=	ENSG00000229109.2	transcript65058.chr9.nnic	FRMD3-AS1
ENSG00000229833	BambuTx691	=	ENSG00000229833.11	transcript38634.chr19.nnic	PET100
ENSG00000230071	BambuTx944	=	ENSG00000196588.21	transcript68662.chr22.nnic	RPL4P6
ENSG00000230424	BambuTx826	=	ENSG00000230424.3	transcript52813.chr1.nnic	EMC1-AS1
ENSG00000230432	BambuTx146	=	ENSG00000230432.1	transcript263462.chr2.nnic	
ENSG00000230910	BambuTx288	=	ENSG00000230910.6	transcript90444.chr6.nnic	ADGRB3-DT
ENSG00000232560	BambuTx762	=	ENSG00000232560.7	transcript65539.chr21.nnic	LINC01549
ENSG00000233577	BambuTx1054	=	ENSG00000233577.6	transcript24518.chr22.nnic	
ENSG00000233654	BambuTx135	=	ENSG00000233654.2	transcript224445.chr2.nnic	NEMP2-DT
ENSG00000235280	BambuTx564	=	ENSG00000235280.2	transcript79174.chr13.nnic	MCF2L-AS1
ENSG00000235281	BambuTx1093	=	ENSG00000235281.2	transcript2837.chr10.nnic	
ENSG00000236209	BambuTx113	=	ENSG00000236209.1	transcript109393.chr2.nnic	
ENSG00000236668	BambuTx409	=	ENSG00000236668.3	transcript110243.chr9.nnic	LHX2-AS1
ENSG00000236782	BambuTx24	=	ENSG00000236782.8	transcript71065.chr1.nnic	ZNF593OS
ENSG00000237058	BambuTx824	=	ENSG00000237058.1	transcript12684.chr1.nnic	MMEL1-AS1
ENSG00000237372	BambuTx397	=	ENSG00000237372.5	transcript72089.chr9.nnic	LINC03062
ENSG00000239265	BambuTx199	=	novel_gene_chr3_194698	transcript194697.chr3.nnic	NA
ENSG00000239881	BambuTx532	=	ENSG00000239881.1	transcript180638.chr12.nnic	RPS27P25
ENSG00000240057	BambuTx189	=	ENSG00000240057.8	transcript141215.chr3.nnic	NEPRO-AS1
ENSG00000240344	BambuTx138	=	ENSG00000240344.10	transcript231906.chr2.nic	PPIL3
ENSG00000240356	BambuTx122	=	ENSG00000240356.6	transcript147091.chr2.nnic	RPL23AP7
ENSG00000241155	BambuTx855	=	ENSG00000241155.1	transcript146619.chr3.nnic	ARHGAP31-AS1
ENSG00000241547	BambuTx26	=	ENSG00000186501.15	transcript84324.chr1.nnic	ACTG1P20
ENSG00000242242	BambuTx188	=	ENSG00000242242.7	transcript138298.chr3.nnic	NECTIN3-AS1
ENSG00000242715	BambuTx549	=	ENSG00000242715.8	transcript21474.chr13.nnic	CCDC169
ENSG00000243422	BambuTx1020	=	ENSG00000172971.7	transcript114578.chr3.nnic	RPL23AP49
ENSG00000243927	BambuTx764	=	ENSG00000243927.6	transcript84663.chr21.nnic	MRPS6
ENSG00000246228	BambuTx1067	=	ENSG00000246228.7	transcript116693.chr8.nnic	CASC8
ENSG00000246228	BambuTx981	=	novel_gene_chr8_116697	transcript116696.chr8.nnic	CASC8
ENSG00000246889	BambuTx486	=	ENSG00000246889.3	transcript122745.chr11.nnic	CTTN-DT
ENSG00000247595	BambuTx468	=	ENSG00000247595.5	transcript37356.chr11.nnic	MISFA
ENSG00000247746	BambuTx805	=	ENSG00000247746.5	transcript52621.chrX.nnic	USP51
ENSG00000248643	BambuTx482	=	ENSG00000173933.21	transcript111782.chr11.nnic	RBM14-RBM4
ENSG00000248757	BambuTx1080	=	ENSG00000248757.2	transcript89692.chr5.nnic	LINC02115
ENSG00000249460	BambuTx231	=	ENSG00000249460.2	transcript156539.chr4.nnic	LINC02500
ENSG00000250543	BambuTx1077	=	ENSG00000250543.1	transcript183745.chr3.nnic	
ENSG00000251349	BambuTx399	=	ENSG00000251349.3	transcript86984.chr9.nic	MSANTD3-TMEFF1
ENSG00000251504	BambuTx229	=	ENSG00000251504.1	transcript155785.chr4.nnic	LINC01099
ENSG00000251773	BambuTx184	=	novel_gene_chr3_119624	transcript119556.chr3.nnic	RNU6-1129P
ENSG00000253117	BambuTx363	=	ENSG00000258417.3	transcript118460.chr8.nic	OC90
ENSG00000253764	BambuTx1031	=	ENSG00000253764.4	transcript1216.chr8.nnic	KBTBD11-AS1
ENSG00000254718	BambuTx582	=	ENSG00000254718.6	transcript63908.chr14.nnic	
ENSG00000254837	BambuTx904	=	ENSG00000254837.2	transcript132930.chr11.nnic	LIPT2-AS1
ENSG00000255021	BambuTx1075	=	ENSG00000255021.1	transcript18178.chr3.nnic	
ENSG00000255169	BambuTx470	=	ENSG00000255169.1	transcript49630.chr11.nnic	NA
ENSG00000255320	BambuTx902	=	ENSG00000255320.2	transcript108451.chr11.nnic	
ENSG00000255471	BambuTx487	=	ENSG00000255471.1	transcript148936.chr11.nnic	PRSS23-AS1
ENSG00000255647	BambuTx870	=	ENSG00000255647.3	transcript80224.chr5.nnic	
ENSG00000255837	BambuTx509	=	ENSG00000212127.6	transcript24243.chr12.nnic	TAS2R20
ENSG00000256271	BambuTx907	=	ENSG00000256271.1	transcript7109.chr12.nnic	NA
ENSG00000256712	BambuTx908	=	ENSG00000256712.1	transcript25060.chr12.nnic	
ENSG00000256783	BambuTx538	=	ENSG00000256783.1	transcript207135.chr12.nnic	
ENSG00000257261	BambuTx513	=	ENSG00000257261.7	transcript56712.chr12.nnic	SLC38A4-AS1
ENSG00000257704	BambuTx720	=	ENSG00000257704.4	transcript206700.chr19.nnic	INAFM1
ENSG00000258279	BambuTx519	=	ENSG00000258279.4	transcript78565.chr12.nnic	LINC00592
ENSG00000260025	BambuTx98	=	ENSG00000260025.2	transcript42921.chr2.nnic	CRIM1-DT
ENSG00000260265	BambuTx969	=	ENSG00000260265.1	transcript75946.chr4.nnic	LINC02562
ENSG00000260947	BambuTx377	=	ENSG00000281128.2	transcript28650.chr9.nnic	
ENSG00000261094	BambuTx407	=	ENSG00000261094.2	transcript109887.chr9.nnic	
ENSG00000261754	BambuTx706	=	ENSG00000267767.3	transcript148580.chr19.nnic	
ENSG00000262075	BambuTx1092	=	ENSG00000262075.3	transcript144441.chr9.nnic	DKFZP434A062
ENSG00000262165	BambuTx633	=	ENSG00000262165.2	transcript21949.chr17.nnic	C17orf114
ENSG00000262296	BambuTx636	=	ENSG00000262296.1	transcript36891.chr17.nnic	
ENSG00000263412	BambuTx656	=	ENSG00000263412.3	transcript136781.chr17.nnic	NFE2L1-DT
ENSG00000263465	BambuTx492	=	ENSG00000263465.5	transcript153901.chr11.nnic	SRSF8
ENSG00000265015	BambuTx674	=	ENSG00000286293.1	transcript16390.chr18.nnic	
ENSG00000267042	BambuTx653	=	ENSG00000267042.1	transcript112299.chr17.nnic	
ENSG00000267213	BambuTx704	=	ENSG00000267213.4	transcript140773.chr19.nnic	DPY19L3-DT
ENSG00000267280	BambuTx661	=	ENSG00000267280.6	transcript165445.chr17.nnic	TBX2-AS1
ENSG00000267422	BambuTx712	=	ENSG00000267422.1	transcript166402.chr19.nnic	
ENSG00000267424	BambuTx696	=	ENSG00000267424.1	transcript75232.chr19.nnic	
ENSG00000267454	BambuTx730	=	ENSG00000267454.6	transcript247255.chr19.nnic	ZNF582-DT
ENSG00000268182	BambuTx731	=	ENSG00000268182.6	transcript247303.chr19.nnic	SMIM17
ENSG00000269038	BambuTx479	=	ENSG00000269038.1	transcript97678.chr11.nnic	SF1-DT
ENSG00000269293	BambuTx274	=	ENSG00000269293.5	transcript31134.chr6.nnic	ZSCAN16-AS1
ENSG00000269743	BambuTx952	=	ENSG00000269743.3	transcript104960.chrX.nnic	SLC25A53
ENSG00000269935	BambuTx630	=	ENSG00000269935.1	transcript167362.chr16.nnic	
ENSG00000269978	BambuTx13	=	novel_gene_chr1_19549	transcript18926.chr1.nnic	
ENSG00000270872	BambuTx51	=	ENSG00000270872.2	transcript235424.chr1.nnic	SRGAP2D
ENSG00000271369	BambuTx471	=	novel_gene_chr11_51305	transcript51304.chr11.nnic	
ENSG00000271576	BambuTx1014	=	ENSG00000271576.2	transcript177921.chr1.nnic	PRKACB-DT
ENSG00000271576	BambuTx829	=	ENSG00000271576.2	transcript177919.chr1.nnic	PRKACB-DT
ENSG00000272079	BambuTx616	=	ENSG00000272079.2	transcript27421.chr16.nnic	
ENSG00000272384	BambuTx359	=	ENSG00000272384.2	transcript113298.chr8.nnic	
ENSG00000272438	BambuTx2	=	ENSG00000272438.1	transcript2517.chr1.nnic	
ENSG00000272562	BambuTx83	=	ENSG00000272562.2	transcript359295.chr1.nnic	H3-3A-DT
ENSG00000272905	BambuTx978	=	ENSG00000231952.3	transcript40018.chr7.nnic	
ENSG00000273032	BambuTx771	=	ENSG00000273032.3	transcript7627.chr22.nnic	DGCR5
ENSG00000273247	BambuTx225	=	ENSG00000273247.7	transcript126068.chr4.nnic	RAB33B-AS1
ENSG00000273300	BambuTx772	=	ENSG00000185065.6	transcript8447.chr22.nnic	
ENSG00000273321	BambuTx675	=	ENSG00000273321.1	transcript23664.chr18.nnic	
ENSG00000273329	BambuTx333	=	ENSG00000273329.2	transcript185961.chr7.nnic	
ENSG00000274225	BambuTx937	=	ENSG00000160233.8	transcript97182.chr21.nnic	HEPFAL
ENSG00000274828	BambuTx680	=	ENSG00000274828.2	transcript60091.chr18.nnic	NA
ENSG00000274828	BambuTx1048	=	ENSG00000274828.2	transcript60089.chr18.nnic	NA
ENSG00000275160	BambuTx389	=	ENSG00000288891.2	transcript45600.chr9.nnic	RPL7AP45
ENSG00000275160	BambuTx984	=	ENSG00000288891.2	transcript45367.chr9.nnic	RPL7AP45
ENSG00000275329	BambuTx419	=	novel_gene_chr9_145814	transcript145813.chr9.nnic	
ENSG00000275532	BambuTx921	=	novel_gene_chr17_94387	transcript93834.chr17.nnic	
ENSG00000275778	BambuTx508	=	ENSG00000111215.12	transcript22285.chr12.nnic	
ENSG00000276023	BambuTx1100	=	ENSG00000276023.5	transcript92432.chr17.nnic	DUSP14
ENSG00000277258	BambuTx648	=	ENSG00000277258.5	transcript89843.chr17.nnic	PCGF2
ENSG00000277734	BambuTx570	=	ENSG00000277734.8	transcript7649.chr14.nnic	TRAC
ENSG00000278305	BambuTx548	=	ENSG00000278305.1	transcript16633.chr13.nnic	
ENSG00000278626	BambuTx591	=	ENSG00000258590.6	transcript4438.chr15.nnic	NA
ENSG00000280071	BambuTx759	=	ENSG00000280071.5	transcript104.chr21.nnic	
ENSG00000284116	BambuTx983	=	ENSG00000284116.1	transcript44122.chr9.nnic	
ENSG00000284624	BambuTx856	=	ENSG00000272840.1	transcript158347.chr3.nnic	
ENSG00000284648	BambuTx968	=	novel_gene_chr4_22221	transcript22220.chr4.nnic	
ENSG00000284874	BambuTx941	=	ENSG00000284874.1	transcript8621.chr22.nnic	
ENSG00000285533	BambuTx481	=	ENSG00000285533.4	transcript105428.chr11.nnic	RELA-DT
ENSG00000286747	BambuTx88	=	ENSG00000286747.1	transcript383467.chr1.nnic	
ENSG00000287151	BambuTx124	=	ENSG00000287151.1	transcript163671.chr2.nnic	LINC03124
ENSG00000287222	BambuTx367	=	ENSG00000287222.1	transcript129265.chr8.nnic	
ENSG00000287248	BambuTx1047	=	ENSG00000267327.2	transcript45397.chr18.nnic	NA
ENSG00000287402	BambuTx431	=	ENSG00000287402.1	transcript37753.chr10.nnic	
ENSG00000287620	BambuTx166	=	ENSG00000287620.1	transcript46336.chr3.nnic	
ENSG00000287763	BambuTx843	=	ENSG00000287763.1	transcript119068.chr2.nnic	
ENSG00000287763	BambuTx963	=	ENSG00000287763.1	transcript119064.chr2.nnic	
ENSG00000287996	BambuTx911	=	ENSG00000287996.1	transcript50098.chr13.nnic	
ENSG00000288044	BambuTx575	=	ENSG00000288044.3	transcript15255.chr14.nnic	
ENSG00000288823	BambuTx895	=	ENSG00000288823.1	transcript99384.chr10.nnic	
ENSG00000288831	BambuTx153	=	ENSG00000288831.2	transcript1625.chr3.nnic	
ENSG00000288891	BambuTx388	=	ENSG00000288891.2	transcript45605.chr9.nnic	
ENSG00000289483	BambuTx44	=	ENSG00000289483.1	transcript188184.chr1.nnic	
ENSG00000289516	BambuTx540	=	ENSG00000289516.1	transcript207289.chr12.nnic	
ENSG00000289578	BambuTx330	=	ENSG00000289578.1	transcript170948.chr7.nnic	
ENSG00000289843	BambuTx385	=	ENSG00000289843.1	transcript45013.chr9.nnic	BMS1P14
ENSG00000290046	BambuTx165	=	ENSG00000290046.1	transcript42458.chr3.nnic	
ENSG00000290402	BambuTx1095	=	ENSG00000290402.1	transcript69950.chr11.nnic	
ENSG00000290549	BambuTx391	=	ENSG00000290549.1	transcript47632.chr9.nnic	
ENSG00000290837	BambuTx403	=	ENSG00000290837.1	transcript96652.chr9.nnic	LRRC37A5P
ENSG00000290854	BambuTx5	=	ENSG00000290854.1	transcript5376.chr1.nnic	
ENSG00000290911	BambuTx910	=	ENSG00000290911.1	transcript6452.chr13.nnic	
ENSG00000290989	BambuTx82	=	ENSG00000290989.1	transcript353279.chr1.nic	SEPTIN7P13
ENSG00000291010	BambuTx555	=	ENSG00000291010.1	transcript42940.chr13.nnic	MRPS31P5
ENSG00000291010	BambuTx554	=	ENSG00000291010.1	transcript42929.chr13.nnic	MRPS31P5
ENSG00000291011	BambuTx390	=	ENSG00000291011.1	transcript47493.chr9.nnic	NA
ENSG00000291088	BambuTx645	=	ENSG00000291088.1	transcript93695.chr17.nnic	NPEPPSP1
ENSG00000291088	BambuTx646	=	ENSG00000291088.1	transcript94355.chr17.nnic	NPEPPSP1
ENSG00000291106	BambuTx201	=	ENSG00000291106.1	transcript221624.chr3.nnic	SNHG33
ENSG00000291107	BambuTx507	=	ENSG00000291107.1	transcript20764.chr12.nnic	NA
ENSG00000291181	BambuTx383	=	ENSG00000291181.1	transcript43865.chr9.nnic	FGF7P3
ENSG00000291181	BambuTx384	=	ENSG00000284116.1	transcript44289.chr9.nnic	FGF7P3
ENSG00000291181	BambuTx1035	=	novel_gene_chr9_44305	transcript44293.chr9.nnic	FGF7P3
ENSG00000291223	BambuTx182	=	ENSG00000291223.1	transcript113930.chr3.nnic	FAM86DP
ENSG00000291233	BambuTx57	=	ENSG00000291233.1	transcript243163.chr1.nnic	
ENSG00000291233	BambuTx961	=	ENSG00000291233.1	transcript243164.chr1.nnic	
